<?xml version='1.0' encoding='UTF-8'?>
<?metadataRepository version='1.1.0'?>
<repository name='Package Drone Channel: dd0ef4e5-3fdc-4592-8569-cae07dc04d68' type='org.eclipse.equinox.p2.artifact.repository.simpleRepository' version='1'>
  <properties size='1'>
    <property name='p2.timestamp' value='1490300136866'/>
  </properties>
  <mappings size='3'>
    <rule filter='(&amp;(classifier=osgi.bundle))' output='${repoUrl}/plugins/${id}_${version}.jar' />
    <rule filter='(&amp;(classifier=binary))' output='${repoUrl}/binary/${id}_${version}' />
    <rule filter='(&amp;(classifier=org.eclipse.update.feature))' output='${repoUrl}/features/${id}_${version}.jar' />
  </mappings>
  <artifacts size='4'>
<artifact classifier="osgi.bundle" id="org.jmockit.source" version="1.30.0">
  <properties size="4">
    <property name="download.size" value="519176"/>
    <property name="artifact.size" value="519176"/>
    <property name="drone.artifact.id" value="7d86f33d-60b1-4e37-8cdf-7215481a73eb"/>
    <property name="download.md5" value="5ea299b0d72c5bc0a800a4fce4a5e343"/>
  </properties>
</artifact>
<artifact classifier="osgi.bundle" id="org.jmockit" version="1.30.0">
  <properties size="4">
    <property name="download.size" value="766072"/>
    <property name="artifact.size" value="766072"/>
    <property name="drone.artifact.id" value="1fbedaf4-357a-4ff4-b139-c11e364dd402"/>
    <property name="download.md5" value="c80495e258dd3ffc1e7512c5b65b3b78"/>
  </properties>
</artifact>
<artifact classifier="org.eclipse.update.feature" id="org.jmockit.bundle" version="1.30.0">
  <properties size="5">
    <property name="download.size" value="314"/>
    <property name="artifact.size" value="314"/>
    <property name="download.contentType" value="application/zip"/>
    <property name="drone.artifact.id" value="6cccb599-55de-48f2-9e19-4a817ee20357"/>
    <property name="download.md5" value="b4bcef8e515cb7c741f237d3ae0db1c0"/>
  </properties>
</artifact>
<artifact classifier="osgi.bundle" id="com.diffplug.osgi.extension.sun.reflect" version="0.0.0">
  <properties size="4">
    <property name="download.size" value="418"/>
    <property name="artifact.size" value="418"/>
    <property name="drone.artifact.id" value="43b8fc1d-0e8c-4cff-b0ff-234fd8ce83be"/>
    <property name="download.md5" value="c49804e1e1dfca64a558fc56495b6f7e"/>
  </properties>
</artifact>
  </artifacts>
</repository>
