<?xml version='1.0' encoding='UTF-8'?>
<?metadataRepository version='1.1.0'?>
<repository name='Package Drone Channel: dd0ef4e5-3fdc-4592-8569-cae07dc04d68' type='org.eclipse.equinox.internal.p2.metadata.repository.LocalMetadataRepository' version='1'>
  <properties size='1'>
    <property name='p2.timestamp' value='1490300136866'/>
  </properties>
  <units size='5'>
<unit id="org.jmockit.source" singleton="false" version="1.30.0">
  <update id="org.jmockit.source" range="[0.0.0,1.30.0)" severity="0"/>
  <properties size="2">
    <property name="org.eclipse.equinox.p2.name" value="Source bundle for 'org.jmockit'"/>
    <property name="org.eclipse.equinox.p2.provider" value="null"/>
  </properties>
  <provides size="3">
    <provided name="org.jmockit.source" namespace="osgi.bundle" version="1.30.0"/>
    <provided name="org.jmockit.source" namespace="org.eclipse.equinox.p2.iu" version="1.30.0"/>
    <provided name="bundle" namespace="org.eclipse.equinox.p2.eclipse.type" version="1.0.0"/>
  </provides>
  <requires size="0"/>
  <artifacts size="1">
    <artifact classifier="osgi.bundle" id="org.jmockit.source" version="1.30.0"/>
  </artifacts>
  <touchpoint id="org.eclipse.equinox.p2.osgi" version="1.0.0"/>
  <touchpointData size="1">
    <instructions size="1">
      <instruction key="manifest">Manifest-Version: 1.0
Bundle-SymbolicName: org.jmockit.source
Bundle-Version: 1.30.0

</instruction>
    </instructions>
  </touchpointData>
  <licenses size="0"/>
</unit>
<unit id="com.diffplug.osgi.extension.sun.reflect" singleton="false" version="0.0.0">
  <update id="com.diffplug.osgi.extension.sun.reflect" range="[0.0.0,0.0.0)" severity="0"/>
  <properties size="0"/>
  <provides size="4">
    <provided name="com.diffplug.osgi.extension.sun.reflect" namespace="osgi.bundle" version="0.0.0"/>
    <provided name="com.diffplug.osgi.extension.sun.reflect" namespace="org.eclipse.equinox.p2.iu" version="0.0.0"/>
    <provided name="bundle" namespace="org.eclipse.equinox.p2.eclipse.type" version="1.0.0"/>
    <provided name="sun.reflect" namespace="java.package" version="0.0.0"/>
  </provides>
  <requires size="0"/>
  <artifacts size="1">
    <artifact classifier="osgi.bundle" id="com.diffplug.osgi.extension.sun.reflect" version="0.0.0"/>
  </artifacts>
  <touchpoint id="org.eclipse.equinox.p2.osgi" version="1.0.0"/>
  <touchpointData size="1">
    <instructions size="1">
      <instruction key="manifest">Manifest-Version: 1.0
Bundle-SymbolicName: com.diffplug.osgi.extension.sun.reflect
Bundle-Version: 0.0.0

</instruction>
    </instructions>
  </touchpointData>
  <licenses size="0"/>
</unit>
<unit id="org.jmockit" singleton="false" version="1.30.0">
  <update id="org.jmockit" range="[0.0.0,1.30.0)" severity="0"/>
  <properties size="1">
    <property name="org.eclipse.equinox.p2.name" value="Main"/>
  </properties>
  <provides size="28">
    <provided name="org.jmockit" namespace="osgi.bundle" version="1.30.0"/>
    <provided name="org.jmockit" namespace="org.eclipse.equinox.p2.iu" version="1.30.0"/>
    <provided name="bundle" namespace="org.eclipse.equinox.p2.eclipse.type" version="1.0.0"/>
    <provided name="com.sun.tools.attach" namespace="java.package" version="1.30.0"/>
    <provided name="com.sun.tools.attach.spi" namespace="java.package" version="1.30.0"/>
    <provided name="mockit" namespace="java.package" version="1.30.0"/>
    <provided name="mockit.coverage" namespace="java.package" version="1.30.0"/>
    <provided name="mockit.coverage.data" namespace="java.package" version="1.30.0"/>
    <provided name="mockit.coverage.dataItems" namespace="java.package" version="1.30.0"/>
    <provided name="mockit.coverage.lines" namespace="java.package" version="1.30.0"/>
    <provided name="mockit.coverage.modification" namespace="java.package" version="1.30.0"/>
    <provided name="mockit.coverage.paths" namespace="java.package" version="1.30.0"/>
    <provided name="mockit.coverage.reporting" namespace="java.package" version="1.30.0"/>
    <provided name="mockit.coverage.reporting.dataCoverage" namespace="java.package" version="1.30.0"/>
    <provided name="mockit.coverage.reporting.lineCoverage" namespace="java.package" version="1.30.0"/>
    <provided name="mockit.coverage.reporting.packages" namespace="java.package" version="1.30.0"/>
    <provided name="mockit.coverage.reporting.parsing" namespace="java.package" version="1.30.0"/>
    <provided name="mockit.coverage.reporting.pathCoverage" namespace="java.package" version="1.30.0"/>
    <provided name="mockit.coverage.reporting.sourceFiles" namespace="java.package" version="1.30.0"/>
    <provided name="mockit.coverage.standalone" namespace="java.package" version="1.30.0"/>
    <provided name="mockit.coverage.testRedundancy" namespace="java.package" version="1.30.0"/>
    <provided name="mockit.external.asm" namespace="java.package" version="1.30.0"/>
    <provided name="mockit.integration.junit4" namespace="java.package" version="1.30.0"/>
    <provided name="mockit.integration.junit5" namespace="java.package" version="1.30.0"/>
    <provided name="mockit.integration.springframework" namespace="java.package" version="1.30.0"/>
    <provided name="mockit.integration.testng" namespace="java.package" version="1.30.0"/>
    <provided name="org.junit.runner" namespace="java.package" version="1.30.0"/>
    <provided name="sun.tools.attach" namespace="java.package" version="1.30.0"/>
  </provides>
  <requires size="49">
    <required name="com.sun.tools.attach" namespace="java.package" range="0.0.0"/>
    <required name="com.sun.tools.attach.spi" namespace="java.package" range="0.0.0"/>
    <required greedy="false" name="javax.annotation" namespace="java.package" optional="true" range="0.0.0"/>
    <required greedy="false" name="javax.annotation.sql" namespace="java.package" optional="true" range="0.0.0"/>
    <required greedy="false" name="javax.ejb" namespace="java.package" optional="true" range="0.0.0"/>
    <required greedy="false" name="javax.enterprise.context" namespace="java.package" optional="true" range="0.0.0"/>
    <required greedy="false" name="javax.enterprise.inject" namespace="java.package" optional="true" range="0.0.0"/>
    <required greedy="false" name="javax.enterprise.util" namespace="java.package" optional="true" range="0.0.0"/>
    <required greedy="false" name="javax.inject" namespace="java.package" optional="true" range="0.0.0"/>
    <required name="javax.management" namespace="java.package" range="0.0.0"/>
    <required greedy="false" name="javax.persistence" namespace="java.package" optional="true" range="0.0.0"/>
    <required name="javax.print" namespace="java.package" range="0.0.0"/>
    <required greedy="false" name="javax.servlet" namespace="java.package" optional="true" range="0.0.0"/>
    <required greedy="false" name="javax.servlet.descriptor" namespace="java.package" optional="true" range="0.0.0"/>
    <required greedy="false" name="javax.servlet.http" namespace="java.package" optional="true" range="0.0.0"/>
    <required name="javax.sql" namespace="java.package" range="0.0.0"/>
    <required name="javax.xml.parsers" namespace="java.package" range="0.0.0"/>
    <required name="mockit.coverage.data" namespace="java.package" range="0.0.0"/>
    <required name="mockit.coverage.lines" namespace="java.package" range="0.0.0"/>
    <required name="mockit.coverage.paths" namespace="java.package" range="0.0.0"/>
    <required name="mockit.coverage.reporting" namespace="java.package" range="0.0.0"/>
    <required name="mockit.coverage.reporting.dataCoverage" namespace="java.package" range="0.0.0"/>
    <required name="mockit.coverage.reporting.lineCoverage" namespace="java.package" range="0.0.0"/>
    <required name="mockit.coverage.reporting.packages" namespace="java.package" range="0.0.0"/>
    <required name="mockit.coverage.reporting.parsing" namespace="java.package" range="0.0.0"/>
    <required name="mockit.coverage.reporting.pathCoverage" namespace="java.package" range="0.0.0"/>
    <required name="mockit.coverage.reporting.sourceFiles" namespace="java.package" range="0.0.0"/>
    <required name="mockit.coverage.standalone" namespace="java.package" range="0.0.0"/>
    <required name="mockit.coverage.testRedundancy" namespace="java.package" range="0.0.0"/>
    <required greedy="false" name="org.hamcrest" namespace="java.package" optional="true" range="0.0.0"/>
    <required greedy="false" name="org.hamcrest.core" namespace="java.package" optional="true" range="0.0.0"/>
    <required greedy="false" name="org.junit" namespace="java.package" optional="true" range="0.0.0"/>
    <required greedy="false" name="org.junit.jupiter.api.extension" namespace="java.package" optional="true" range="0.0.0"/>
    <required greedy="false" name="org.junit.jupiter.engine.extension" namespace="java.package" optional="true" range="0.0.0"/>
    <required greedy="false" name="org.junit.platform.engine" namespace="java.package" optional="true" range="0.0.0"/>
    <required greedy="false" name="org.junit.platform.engine.support.descriptor" namespace="java.package" optional="true" range="0.0.0"/>
    <required greedy="false" name="org.junit.runner.notification" namespace="java.package" optional="true" range="0.0.0"/>
    <required greedy="false" name="org.junit.runners" namespace="java.package" optional="true" range="0.0.0"/>
    <required greedy="false" name="org.junit.runners.model" namespace="java.package" optional="true" range="0.0.0"/>
    <required greedy="false" name="org.springframework.beans.factory" namespace="java.package" optional="true" range="0.0.0"/>
    <required greedy="false" name="org.springframework.beans.factory.support" namespace="java.package" optional="true" range="0.0.0"/>
    <required greedy="false" name="org.springframework.web.context.support" namespace="java.package" optional="true" range="0.0.0"/>
    <required greedy="false" name="org.testng" namespace="java.package" optional="true" range="[6.9.0,7.0.0)"/>
    <required greedy="false" name="org.testng.annotations" namespace="java.package" optional="true" range="[6.9.0,7.0.0)"/>
    <required greedy="false" name="org.testng.internal" namespace="java.package" optional="true" range="[6.9.0,7.0.0)"/>
    <required name="org.xml.sax" namespace="java.package" range="0.0.0"/>
    <required name="org.xml.sax.helpers" namespace="java.package" range="0.0.0"/>
    <required name="sun.reflect" namespace="java.package" range="0.0.0"/>
    <required name="sun.tools.attach" namespace="java.package" range="0.0.0"/>
  </requires>
  <artifacts size="1">
    <artifact classifier="osgi.bundle" id="org.jmockit" version="1.30.0"/>
  </artifacts>
  <touchpoint id="org.eclipse.equinox.p2.osgi" version="1.0.0"/>
  <touchpointData size="1">
    <instructions size="1">
      <instruction key="manifest">Manifest-Version: 1.0
Bundle-SymbolicName: org.jmockit
Bundle-Version: 1.30.0

</instruction>
    </instructions>
  </touchpointData>
  <licenses size="0"/>
</unit>
<unit id="org.jmockit.bundle.feature.group" singleton="false" version="1.30.0">
  <update id="org.jmockit.bundle.feature.group" range="[0.0.0,1.30.0)" severity="0"/>
  <properties size="2">
    <property name="org.eclipse.equinox.p2.description" value=""/>
    <property name="org.eclipse.equinox.p2.type.group" value="true"/>
  </properties>
  <provides size="1">
    <provided name="org.jmockit.bundle.feature.group" namespace="org.eclipse.equinox.p2.iu" version="1.30.0"/>
  </provides>
  <requires size="4">
    <required name="org.jmockit.bundle.feature.jar" namespace="org.eclipse.equinox.p2.iu" range="[1.30.0,1.30.0]">
      <filter>(org.eclipse.update.install.features=true)</filter>
    </required>
    <required name="org.jmockit" namespace="org.eclipse.equinox.p2.iu" range="[1.30.0,1.30.0]"/>
    <required name="org.jmockit.source" namespace="org.eclipse.equinox.p2.iu" range="[1.30.0,1.30.0]"/>
    <required name="com.diffplug.osgi.extension.sun.reflect" namespace="org.eclipse.equinox.p2.iu" range="[0.0.0,0.0.0]"/>
  </requires>
  <touchpoint id="null" version="0.0.0"/>
  <licenses size="1">
    <license/>
  </licenses>
</unit>
<unit id="org.jmockit.bundle.feature.jar" singleton="false" version="1.30.0">
  <update id="org.jmockit.bundle.feature.jar" range="[0.0.0,1.30.0)" severity="0"/>
  <properties size="2">
    <property name="org.eclipse.equinox.p2.description" value=""/>
    <property name="org.eclipse.equinox.p2.name"/>
  </properties>
  <provides size="3">
    <provided name="org.jmockit.bundle.feature.jar" namespace="org.eclipse.equinox.p2.iu" version="1.30.0"/>
    <provided name="org.jmockit.bundle" namespace="org.eclipse.update.feature" version="1.30.0"/>
    <provided name="feature" namespace="org.eclipse.equinox.p2.eclipse.type" version="1.0.0"/>
  </provides>
  <requires size="0"/>
  <filter>(org.eclipse.update.install.features=true)</filter>
  <artifacts size="1">
    <artifact classifier="org.eclipse.update.feature" id="org.jmockit.bundle" version="1.30.0"/>
  </artifacts>
  <touchpoint id="org.eclipse.equinox.p2.osgi" version="1.0.0"/>
  <touchpointData size="1">
    <instructions size="1">
      <instruction key="zipped">true</instruction>
    </instructions>
  </touchpointData>
  <licenses size="1">
    <license/>
  </licenses>
</unit>
  </units>
</repository>
