<?xml version='1.0' encoding='UTF-8'?>
<?metadataRepository version='1.1.0'?>
<repository name='Package Drone Channel: dd0ef4e5-3fdc-4592-8569-cae07dc04d68' type='org.eclipse.equinox.p2.artifact.repository.simpleRepository' version='1'>
  <properties size='1'>
    <property name='p2.timestamp' value='1490300205974'/>
  </properties>
  <mappings size='3'>
    <rule filter='(&amp;(classifier=osgi.bundle))' output='${repoUrl}/plugins/${id}_${version}.jar' />
    <rule filter='(&amp;(classifier=binary))' output='${repoUrl}/binary/${id}_${version}' />
    <rule filter='(&amp;(classifier=org.eclipse.update.feature))' output='${repoUrl}/features/${id}_${version}.jar' />
  </mappings>
  <artifacts size='2'>
<artifact classifier="osgi.bundle" id="jmockit-rebundled" version="1.30.0">
  <properties size="4">
    <property name="download.size" value="708206"/>
    <property name="artifact.size" value="708206"/>
    <property name="drone.artifact.id" value="975d1d9a-adc3-48b0-8685-5ec3f709dd81"/>
    <property name="download.md5" value="5ce0cdf5a3c52210733d71cbea848677"/>
  </properties>
</artifact>
<artifact classifier="org.eclipse.update.feature" id="org.jmockit.rebundled" version="1.30.0">
  <properties size="5">
    <property name="download.size" value="283"/>
    <property name="artifact.size" value="283"/>
    <property name="download.contentType" value="application/zip"/>
    <property name="drone.artifact.id" value="cea14407-2ca2-4f41-a410-e04a2c986652"/>
    <property name="download.md5" value="76aa4708595eae2986124e039a3b53dc"/>
  </properties>
</artifact>
  </artifacts>
</repository>
