<?xml version='1.0' encoding='UTF-8'?>
<?metadataRepository version='1.1.0'?>
<repository name='Package Drone Channel: dd0ef4e5-3fdc-4592-8569-cae07dc04d68' type='org.eclipse.equinox.internal.p2.metadata.repository.LocalMetadataRepository' version='1'>
  <properties size='1'>
    <property name='p2.timestamp' value='1490300205974'/>
  </properties>
  <units size='3'>
<unit id="jmockit-rebundled" singleton="false" version="1.30.0">
  <update id="jmockit-rebundled" range="[0.0.0,1.30.0)" severity="0"/>
  <properties size="1">
    <property name="org.eclipse.equinox.p2.name" value="Jmockit"/>
  </properties>
  <provides size="43">
    <provided name="jmockit-rebundled" namespace="osgi.bundle" version="1.30.0"/>
    <provided name="jmockit-rebundled" namespace="org.eclipse.equinox.p2.iu" version="1.30.0"/>
    <provided name="bundle" namespace="org.eclipse.equinox.p2.eclipse.type" version="1.0.0"/>
    <provided name="com.sun.tools.attach" namespace="java.package" version="0.0.0"/>
    <provided name="com.sun.tools.attach.spi" namespace="java.package" version="0.0.0"/>
    <provided name="mockit" namespace="java.package" version="0.0.0"/>
    <provided name="mockit.coverage" namespace="java.package" version="0.0.0"/>
    <provided name="mockit.coverage.data" namespace="java.package" version="0.0.0"/>
    <provided name="mockit.coverage.dataItems" namespace="java.package" version="0.0.0"/>
    <provided name="mockit.coverage.lines" namespace="java.package" version="0.0.0"/>
    <provided name="mockit.coverage.modification" namespace="java.package" version="0.0.0"/>
    <provided name="mockit.coverage.paths" namespace="java.package" version="0.0.0"/>
    <provided name="mockit.coverage.reporting" namespace="java.package" version="0.0.0"/>
    <provided name="mockit.coverage.reporting.dataCoverage" namespace="java.package" version="0.0.0"/>
    <provided name="mockit.coverage.reporting.lineCoverage" namespace="java.package" version="0.0.0"/>
    <provided name="mockit.coverage.reporting.packages" namespace="java.package" version="0.0.0"/>
    <provided name="mockit.coverage.reporting.parsing" namespace="java.package" version="0.0.0"/>
    <provided name="mockit.coverage.reporting.pathCoverage" namespace="java.package" version="0.0.0"/>
    <provided name="mockit.coverage.reporting.sourceFiles" namespace="java.package" version="0.0.0"/>
    <provided name="mockit.coverage.standalone" namespace="java.package" version="0.0.0"/>
    <provided name="mockit.coverage.testRedundancy" namespace="java.package" version="0.0.0"/>
    <provided name="mockit.external.asm" namespace="java.package" version="0.0.0"/>
    <provided name="mockit.integration.internal" namespace="java.package" version="0.0.0"/>
    <provided name="mockit.integration.junit4" namespace="java.package" version="0.0.0"/>
    <provided name="mockit.integration.junit4.internal" namespace="java.package" version="0.0.0"/>
    <provided name="mockit.integration.junit5" namespace="java.package" version="0.0.0"/>
    <provided name="mockit.integration.springframework" namespace="java.package" version="0.0.0"/>
    <provided name="mockit.integration.testng" namespace="java.package" version="0.0.0"/>
    <provided name="mockit.internal" namespace="java.package" version="0.0.0"/>
    <provided name="mockit.internal.capturing" namespace="java.package" version="0.0.0"/>
    <provided name="mockit.internal.classGeneration" namespace="java.package" version="0.0.0"/>
    <provided name="mockit.internal.expectations" namespace="java.package" version="0.0.0"/>
    <provided name="mockit.internal.expectations.argumentMatching" namespace="java.package" version="0.0.0"/>
    <provided name="mockit.internal.expectations.invocation" namespace="java.package" version="0.0.0"/>
    <provided name="mockit.internal.expectations.mocking" namespace="java.package" version="0.0.0"/>
    <provided name="mockit.internal.expectations.transformation" namespace="java.package" version="0.0.0"/>
    <provided name="mockit.internal.injection" namespace="java.package" version="0.0.0"/>
    <provided name="mockit.internal.mockups" namespace="java.package" version="0.0.0"/>
    <provided name="mockit.internal.startup" namespace="java.package" version="0.0.0"/>
    <provided name="mockit.internal.state" namespace="java.package" version="0.0.0"/>
    <provided name="mockit.internal.util" namespace="java.package" version="0.0.0"/>
    <provided name="org.junit.runner" namespace="java.package" version="0.0.0"/>
    <provided name="sun.tools.attach" namespace="java.package" version="0.0.0"/>
  </provides>
  <requires size="1">
    <required name="org.junit" namespace="osgi.bundle" range="[4.12.0,5.0.0)"/>
  </requires>
  <artifacts size="1">
    <artifact classifier="osgi.bundle" id="jmockit-rebundled" version="1.30.0"/>
  </artifacts>
  <touchpoint id="org.eclipse.equinox.p2.osgi" version="1.0.0"/>
  <touchpointData size="1">
    <instructions size="1">
      <instruction key="manifest">Manifest-Version: 1.0
Bundle-SymbolicName: jmockit-rebundled
Bundle-Version: 1.30.0

</instruction>
    </instructions>
  </touchpointData>
  <licenses size="0"/>
</unit>
<unit id="org.jmockit.rebundled.feature.group" singleton="false" version="1.30.0">
  <update id="org.jmockit.rebundled.feature.group" range="[0.0.0,1.30.0)" severity="0"/>
  <properties size="2">
    <property name="org.eclipse.equinox.p2.description" value=""/>
    <property name="org.eclipse.equinox.p2.type.group" value="true"/>
  </properties>
  <provides size="1">
    <provided name="org.jmockit.rebundled.feature.group" namespace="org.eclipse.equinox.p2.iu" version="1.30.0"/>
  </provides>
  <requires size="2">
    <required name="org.jmockit.rebundled.feature.jar" namespace="org.eclipse.equinox.p2.iu" range="[1.30.0,1.30.0]">
      <filter>(org.eclipse.update.install.features=true)</filter>
    </required>
    <required name="jmockit-rebundled" namespace="org.eclipse.equinox.p2.iu" range="[1.30.0,1.30.0]"/>
  </requires>
  <touchpoint id="null" version="0.0.0"/>
  <licenses size="1">
    <license/>
  </licenses>
</unit>
<unit id="org.jmockit.rebundled.feature.jar" singleton="false" version="1.30.0">
  <update id="org.jmockit.rebundled.feature.jar" range="[0.0.0,1.30.0)" severity="0"/>
  <properties size="2">
    <property name="org.eclipse.equinox.p2.description" value=""/>
    <property name="org.eclipse.equinox.p2.name"/>
  </properties>
  <provides size="3">
    <provided name="org.jmockit.rebundled.feature.jar" namespace="org.eclipse.equinox.p2.iu" version="1.30.0"/>
    <provided name="org.jmockit.rebundled" namespace="org.eclipse.update.feature" version="1.30.0"/>
    <provided name="feature" namespace="org.eclipse.equinox.p2.eclipse.type" version="1.0.0"/>
  </provides>
  <requires size="0"/>
  <filter>(org.eclipse.update.install.features=true)</filter>
  <artifacts size="1">
    <artifact classifier="org.eclipse.update.feature" id="org.jmockit.rebundled" version="1.30.0"/>
  </artifacts>
  <touchpoint id="org.eclipse.equinox.p2.osgi" version="1.0.0"/>
  <touchpointData size="1">
    <instructions size="1">
      <instruction key="zipped">true</instruction>
    </instructions>
  </touchpointData>
  <licenses size="1">
    <license/>
  </licenses>
</unit>
  </units>
</repository>
